{"cameraMode":{"drawMode":0,"name":"Shaded","section":"Shading Mode"},"sceneLighting":true,"audioPlay":false,"sceneViewState":{"m_AlwaysRefresh":false,"showFog":true,"showSkybox":true,"showFlares":true,"showImageEffects":true,"showParticleSystems":true,"showVisualEffectGraphs":true,"m_FxEnabled":true},"in2DMode":false,"pivot":{"x":-0.6536784172058106,"y":1.034498691558838,"z":-0.07044029235839844},"rotation":{"x":-0.12378694117069245,"y":0.8726119995117188,"z":-0.28898999094963076,"w":-0.3737775385379791},"size":8.065569877624512,"orthographic":false}