{"cameraMode":{"drawMode":0,"name":"Shaded","section":"Shading Mode"},"sceneLighting":true,"audioPlay":false,"sceneViewState":{"m_AlwaysRefresh":false,"showFog":true,"showSkybox":true,"showFlares":true,"showImageEffects":true,"showParticleSystems":true,"showVisualEffectGraphs":true,"m_FxEnabled":true},"in2DMode":false,"pivot":{"x":0.4399999976158142,"y":0.503000020980835,"z":-0.3999999761581421},"rotation":{"x":0.2443729043006897,"y":0.37063705921173098,"z":-0.10173875093460083,"w":0.8902590870857239},"size":4.735708713531494,"orthographic":true}